{
    "$schema": "https://schema.management.azure.com/schemas/2019-04-01/deploymentTemplate.json#",
    "contentVersion": "1.0.0.0",
    "parameters": {
        "sites_compliancecenterprmfunction_name": {            
            "type": "String"
        },
        "storageAccounts_compliancecenterdata_name": {            
            "type": "String"
        },
        "source_container": {
            "type": "String"
        },
        "target_container": {
            "type": "String"
        },
        "virtualNetworks_compliancecenter_vnet_name": {            
            "type": "String"
        },
        "components_compliancecenterprmfunction_name": {            
            "type": "String"
        },
        "storageAccounts_compliancetargetstorage_name": {            
            "type": "String"
        },                           
        "privateDnsZones_privatelink_blob_core_windows_net_name": {
            "defaultValue": "privatelink.blob.core.windows.net",
            "type": "String"
        },
        "privateEndpoints_targetstorage_priv_link_name": {
            "type": "String"
        },
        "storageAccounts_premiumfunction_name": {
            "type": "String"
        }
    },
    "variables": {
        "serverfarms_ASP_compliancecenterpremiumrg_b3a0_name":  "[concat('serverfarms_ASP_', parameters('components_compliancecenterprmfunction_name'))]",        
        "networkInterfaces_targetstorage_priv_link_nic_5895e55c_5faa_4ef4_ada3_2dae852dcb72_name": "[concat('networkInterfaces_', parameters('storageAccounts_compliancetargetstorage_name'), '_priv_link_nic')]",
        "workspaces_appinsights_name": "[concat('workspaces-',parameters('components_compliancecenterprmfunction_name'))]",
        "roleIdStorageBlobDataContributor": "ba92f5b4-2d11-453d-a403-e96b0029c9fe"
    },
    "resources": [               
        {
            "type": "Microsoft.operationalinsights/workspaces",
            "apiVersion": "2021-06-01",
            "name": "[variables('workspaces_appinsights_name')]",
            "location": "[resourceGroup().location]",
            "properties": {            
                "sku": {
                    "name": "pergb2018"
                },
                "retentionInDays": 30,
                "features": {
                    "enableLogAccessUsingOnlyResourcePermissions": true
                },
                "workspaceCapping": {
                    "dailyQuotaGb": -1
                },
                "publicNetworkAccessForIngestion": "Enabled",
                "publicNetworkAccessForQuery": "Enabled"
            }
        },
        {
            "type": "Microsoft.insights/components",
            "apiVersion": "2020-02-02",
            "name": "[parameters('components_compliancecenterprmfunction_name')]",
            "location": "[resourceGroup().location]",
            "dependsOn": [
                "[resourceId('Microsoft.operationalinsights/workspaces', variables('workspaces_appinsights_name'))]"
            ],
            "kind": "web",
            "properties": {
                "Application_Type": "web",                                
                "RetentionInDays": 90,
                "WorkspaceResourceId": "[resourceId('Microsoft.operationalinsights/workspaces', variables('workspaces_appinsights_name'))]",
                "IngestionMode": "LogAnalytics",
                "publicNetworkAccessForIngestion": "Enabled",
                "publicNetworkAccessForQuery": "Enabled"
            }
        },
        {
            "type": "Microsoft.Network/privateDnsZones",
            "apiVersion": "2018-09-01",
            "name": "[parameters('privateDnsZones_privatelink_blob_core_windows_net_name')]",
            "location": "global",
            "properties": {
                "maxNumberOfRecordSets": 25000,
                "maxNumberOfVirtualNetworkLinks": 1000,
                "maxNumberOfVirtualNetworkLinksWithRegistration": 100,
                "numberOfRecordSets": 2,
                "numberOfVirtualNetworkLinks": 1,
                "numberOfVirtualNetworkLinksWithRegistration": 0,
                "provisioningState": "Succeeded"
            }
        },
        {
            "type": "Microsoft.Network/virtualNetworks",
            "apiVersion": "2020-11-01",
            "name": "[parameters('virtualNetworks_compliancecenter_vnet_name')]",
            "location": "northeurope",
            "properties": {
                "addressSpace": {
                    "addressPrefixes": [
                        "10.6.0.0/16"
                    ]
                },
                "subnets": [
                    {
                        "name": "private-link-subnet",
                        "properties": {
                            "addressPrefix": "10.6.1.0/24",
                            "serviceEndpoints": [],
                            "delegations": [],
                            "privateEndpointNetworkPolicies": "Disabled",
                            "privateLinkServiceNetworkPolicies": "Enabled"
                        }
                    },
                    {
                        "name": "function-app-delegate-subnet",
                        "properties": {
                            "addressPrefix": "10.6.0.0/24",
                            "serviceEndpoints": [],
                            "delegations": [
                                {
                                    "name": "delegation",
                                    "properties": {
                                        "serviceName": "Microsoft.Web/serverfarms"
                                    }
                                }
                            ],
                            "privateEndpointNetworkPolicies": "Enabled",
                            "privateLinkServiceNetworkPolicies": "Enabled"
                        }
                    }
                ],
                "virtualNetworkPeerings": [],
                "enableDdosProtection": false
            }
        },
        {
            "type": "Microsoft.Storage/storageAccounts",
            "apiVersion": "2021-06-01",
            "name": "[parameters('storageAccounts_compliancecenterdata_name')]",
            "location": "northeurope",
            "sku": {
                "name": "Standard_LRS",
                "tier": "Standard"
            },
            "kind": "StorageV2",
            "properties": {
                "defaultToOAuthAuthentication": false,
                "allowCrossTenantReplication": true,
                "minimumTlsVersion": "TLS1_2",
                "allowBlobPublicAccess": true,
                "allowSharedKeyAccess": true,
                "networkAcls": {
                    "bypass": "AzureServices",
                    "virtualNetworkRules": [],
                    "ipRules": [],
                    "defaultAction": "Allow"
                },
                "supportsHttpsTrafficOnly": true,
                "encryption": {
                    "services": {
                        "file": {
                            "keyType": "Account",
                            "enabled": true
                        },
                        "blob": {
                            "keyType": "Account",
                            "enabled": true
                        }
                    },
                    "keySource": "Microsoft.Storage"
                },
                "accessTier": "Hot"
            }
        },
        {
            "type": "Microsoft.Storage/storageAccounts",
            "apiVersion": "2021-06-01",
            "name": "[parameters('storageAccounts_compliancetargetstorage_name')]",
            "location": "northeurope",
            "sku": {
                "name": "Standard_LRS",
                "tier": "Standard"
            },
            "kind": "StorageV2",
            "properties": {
                "defaultToOAuthAuthentication": false,
                "allowCrossTenantReplication": true,
                "minimumTlsVersion": "TLS1_2",
                "allowBlobPublicAccess": true,
                "allowSharedKeyAccess": true,
                "networkAcls": {
                    "resourceAccessRules": [],
                    "bypass": "AzureServices",
                    "virtualNetworkRules": [],
                    "ipRules": [
                        {
                            "value": "82.9.192.12",
                            "action": "Allow"
                        }
                    ],
                    "defaultAction": "Deny"
                },
                "supportsHttpsTrafficOnly": true,
                "encryption": {
                    "services": {
                        "file": {
                            "keyType": "Account",
                            "enabled": true
                        },
                        "blob": {
                            "keyType": "Account",
                            "enabled": true
                        }
                    },
                    "keySource": "Microsoft.Storage"
                },
                "accessTier": "Hot"
            }
        },
        {
            "type": "Microsoft.Storage/storageAccounts",
            "apiVersion": "2021-06-01",
            "name": "[parameters('storageAccounts_premiumfunction_name')]",
            "location": "northeurope",
            "sku": {
                "name": "Standard_LRS",
                "tier": "Standard"
            },
            "kind": "Storage",
            "properties": {
                "minimumTlsVersion": "TLS1_2",
                "allowBlobPublicAccess": true,
                "networkAcls": {
                    "bypass": "AzureServices",
                    "virtualNetworkRules": [],
                    "ipRules": [],
                    "defaultAction": "Allow"
                },
                "supportsHttpsTrafficOnly": true,
                "encryption": {
                    "services": {
                        "file": {
                            "keyType": "Account",
                            "enabled": true
                        },
                        "blob": {
                            "keyType": "Account",
                            "enabled": true
                        }
                    },
                    "keySource": "Microsoft.Storage"
                }
            }
        },
        {
            "type": "Microsoft.Web/serverfarms",
            "apiVersion": "2021-02-01",
            "name": "[variables('serverfarms_ASP_compliancecenterpremiumrg_b3a0_name')]",
            "location": "North Europe",
            "sku": {
                "name": "EP1",
                "tier": "ElasticPremium",
                "size": "EP1",
                "family": "EP",
                "capacity": 1
            },
            "kind": "elastic",
            "properties": {
                "perSiteScaling": false,
                "elasticScaleEnabled": true,
                "maximumElasticWorkerCount": 20,
                "isSpot": false,
                "reserved": true,
                "isXenon": false,
                "hyperV": false,
                "targetWorkerCount": 0,
                "targetWorkerSizeId": 0,
                "zoneRedundant": false
            }
        },      
        {
            "type": "Microsoft.Network/networkInterfaces",
            "apiVersion": "2020-11-01",
            "name": "[variables('networkInterfaces_targetstorage_priv_link_nic_5895e55c_5faa_4ef4_ada3_2dae852dcb72_name')]",
            "location": "northeurope",
            "dependsOn": [
                "[resourceId('Microsoft.Network/virtualNetworks/subnets', parameters('virtualNetworks_compliancecenter_vnet_name'), 'private-link-subnet')]"
            ],
            "properties": {
                "ipConfigurations": [
                    {
                        "name": "privateEndpointIpConfig.6474f855-5dae-40ab-ad1d-73aaa35a4bd0",
                        "properties": {
                            "privateIPAddress": "10.6.1.4",
                            "privateIPAllocationMethod": "Dynamic",
                            "subnet": {
                                "id": "[resourceId('Microsoft.Network/virtualNetworks/subnets', parameters('virtualNetworks_compliancecenter_vnet_name'), 'private-link-subnet')]"
                            },
                            "primary": true,
                            "privateIPAddressVersion": "IPv4"
                        }
                    }
                ],
                "dnsSettings": {
                    "dnsServers": []
                },
                "enableAcceleratedNetworking": false,
                "enableIPForwarding": false
            }
        },
        {
            "type": "Microsoft.Network/privateDnsZones/A",
            "apiVersion": "2018-09-01",
            "name": "[concat(parameters('privateDnsZones_privatelink_blob_core_windows_net_name'), '/compliancetargetstorage')]",
            "dependsOn": [
                "[resourceId('Microsoft.Network/privateDnsZones', parameters('privateDnsZones_privatelink_blob_core_windows_net_name'))]"
            ],
            "properties": {
                "metadata": {
                    "creator": "created by private endpoint targetstorage-priv-link with resource guid 5ae9d4f7-337e-4595-bf04-4f3892312a04"
                },
                "ttl": 10,
                "aRecords": [
                    {
                        "ipv4Address": "10.6.1.4"
                    }
                ]
            }
        },
        {
            "type": "Microsoft.Network/privateDnsZones/SOA",
            "apiVersion": "2018-09-01",
            "name": "[concat(parameters('privateDnsZones_privatelink_blob_core_windows_net_name'), '/@')]",
            "dependsOn": [
                "[resourceId('Microsoft.Network/privateDnsZones', parameters('privateDnsZones_privatelink_blob_core_windows_net_name'))]"
            ],
            "properties": {
                "ttl": 3600,
                "soaRecord": {
                    "email": "azureprivatedns-host.microsoft.com",
                    "expireTime": 2419200,
                    "host": "azureprivatedns.net",
                    "minimumTtl": 10,
                    "refreshTime": 3600,
                    "retryTime": 300,
                    "serialNumber": 1
                }
            }
        },
        {
            "type": "Microsoft.Network/virtualNetworks/subnets",
            "apiVersion": "2020-11-01",
            "name": "[concat(parameters('virtualNetworks_compliancecenter_vnet_name'), '/function-app-delegate-subnet')]",
            "dependsOn": [
                "[resourceId('Microsoft.Network/virtualNetworks', parameters('virtualNetworks_compliancecenter_vnet_name'))]"
            ],
            "properties": {
                "addressPrefix": "10.6.0.0/24",
                "serviceEndpoints": [],
                "delegations": [
                    {
                        "name": "delegation",
                        "properties": {
                            "serviceName": "Microsoft.Web/serverfarms"
                        }
                    }
                ],
                "privateEndpointNetworkPolicies": "Enabled",
                "privateLinkServiceNetworkPolicies": "Enabled"
            }
        },
        {
            "type": "Microsoft.Network/virtualNetworks/subnets",
            "apiVersion": "2020-11-01",
            "name": "[concat(parameters('virtualNetworks_compliancecenter_vnet_name'), '/private-link-subnet')]",
            "dependsOn": [
                "[resourceId('Microsoft.Network/virtualNetworks', parameters('virtualNetworks_compliancecenter_vnet_name'))]"
            ],
            "properties": {
                "addressPrefix": "10.6.1.0/24",
                "serviceEndpoints": [],
                "delegations": [],
                "privateEndpointNetworkPolicies": "Disabled",
                "privateLinkServiceNetworkPolicies": "Enabled"
            }
        },
        {
            "type": "Microsoft.Storage/storageAccounts/blobServices",
            "apiVersion": "2021-06-01",
            "name": "[concat(parameters('storageAccounts_compliancecenterdata_name'), '/default')]",
            "dependsOn": [
                "[resourceId('Microsoft.Storage/storageAccounts', parameters('storageAccounts_compliancecenterdata_name'))]"
            ],
            "sku": {
                "name": "Standard_LRS",
                "tier": "Standard"
            },
            "properties": {
                "changeFeed": {
                    "enabled": false
                },
                "restorePolicy": {
                    "enabled": false
                },
                "containerDeleteRetentionPolicy": {
                    "enabled": true,
                    "days": 7
                },
                "cors": {
                    "corsRules": []
                },
                "deleteRetentionPolicy": {
                    "enabled": true,
                    "days": 7
                },
                "isVersioningEnabled": false
            }
        },
        {
            "type": "Microsoft.Storage/storageAccounts/blobServices",
            "apiVersion": "2021-06-01",
            "name": "[concat(parameters('storageAccounts_compliancetargetstorage_name'), '/default')]",
            "dependsOn": [
                "[resourceId('Microsoft.Storage/storageAccounts', parameters('storageAccounts_compliancetargetstorage_name'))]"
            ],
            "sku": {
                "name": "Standard_LRS",
                "tier": "Standard"
            },
            "properties": {
                "changeFeed": {
                    "enabled": false
                },
                "restorePolicy": {
                    "enabled": false
                },
                "containerDeleteRetentionPolicy": {
                    "enabled": true,
                    "days": 7
                },
                "cors": {
                    "corsRules": []
                },
                "deleteRetentionPolicy": {
                    "enabled": true,
                    "days": 7
                },
                "isVersioningEnabled": false
            }
        },                     
        {
            "type": "Microsoft.Network/privateDnsZones/virtualNetworkLinks",
            "apiVersion": "2018-09-01",
            "name": "[concat(parameters('privateDnsZones_privatelink_blob_core_windows_net_name'), '/pfltqwepqlfqs')]",
            "location": "global",
            "dependsOn": [
                "[resourceId('Microsoft.Network/privateDnsZones', parameters('privateDnsZones_privatelink_blob_core_windows_net_name'))]",
                "[resourceId('Microsoft.Network/virtualNetworks', parameters('virtualNetworks_compliancecenter_vnet_name'))]"
            ],
            "properties": {
                "registrationEnabled": false,
                "virtualNetwork": {
                    "id": "[resourceId('Microsoft.Network/virtualNetworks', parameters('virtualNetworks_compliancecenter_vnet_name'))]"
                }
            }
        },
        {
            "type": "Microsoft.Network/privateEndpoints",
            "apiVersion": "2020-11-01",
            "name": "[parameters('privateEndpoints_targetstorage_priv_link_name')]",
            "location": "northeurope",
            "dependsOn": [
                "[resourceId('Microsoft.Storage/storageAccounts', parameters('storageAccounts_compliancetargetstorage_name'))]",
                "[resourceId('Microsoft.Network/virtualNetworks/subnets', parameters('virtualNetworks_compliancecenter_vnet_name'), 'private-link-subnet')]"
            ],
            "properties": {
                "privateLinkServiceConnections": [
                    {
                        "name": "[parameters('privateEndpoints_targetstorage_priv_link_name')]",
                        "properties": {
                            "privateLinkServiceId": "[resourceId('Microsoft.Storage/storageAccounts', parameters('storageAccounts_compliancetargetstorage_name'))]",
                            "groupIds": [
                                "blob"
                            ],
                            "privateLinkServiceConnectionState": {
                                "status": "Approved",
                                "description": "Auto-Approved",
                                "actionsRequired": "None"
                            }
                        }
                    }
                ],
                "manualPrivateLinkServiceConnections": [],
                "subnet": {
                    "id": "[resourceId('Microsoft.Network/virtualNetworks/subnets', parameters('virtualNetworks_compliancecenter_vnet_name'), 'private-link-subnet')]"
                },
                "customDnsConfigs": []
            }
        },
        {
            "type": "Microsoft.Network/privateEndpoints/privateDnsZoneGroups",
            "apiVersion": "2020-11-01",
            "name": "[concat(parameters('privateEndpoints_targetstorage_priv_link_name'), '/default')]",
            "dependsOn": [
                "[resourceId('Microsoft.Network/privateEndpoints', parameters('privateEndpoints_targetstorage_priv_link_name'))]",
                "[resourceId('Microsoft.Network/privateDnsZones', parameters('privateDnsZones_privatelink_blob_core_windows_net_name'))]"
            ],
            "properties": {
                "privateDnsZoneConfigs": [
                    {
                        "name": "privatelink-blob-core-windows-net",
                        "properties": {
                            "privateDnsZoneId": "[resourceId('Microsoft.Network/privateDnsZones', parameters('privateDnsZones_privatelink_blob_core_windows_net_name'))]"
                        }
                    }
                ]
            }
        },      
        {
            "type": "Microsoft.Storage/storageAccounts/blobServices/containers",
            "apiVersion": "2021-06-01",
            "name": "[concat(parameters('storageAccounts_compliancecenterdata_name'), '/default/', parameters('source_container'))]",
            "dependsOn": [
                "[resourceId('Microsoft.Storage/storageAccounts/blobServices', parameters('storageAccounts_compliancecenterdata_name'), 'default')]",
                "[resourceId('Microsoft.Storage/storageAccounts', parameters('storageAccounts_compliancecenterdata_name'))]"
            ],
            "properties": {
                "immutableStorageWithVersioning": {
                    "enabled": false
                },
                "defaultEncryptionScope": "$account-encryption-key",
                "denyEncryptionScopeOverride": false,
                "publicAccess": "Container"
            }
        },
        {
            "type": "Microsoft.Storage/storageAccounts/blobServices/containers",
            "apiVersion": "2021-06-01",
            "name": "[concat(parameters('storageAccounts_compliancetargetstorage_name'), '/default/', parameters('target_container'))]",
            "dependsOn": [
                "[resourceId('Microsoft.Storage/storageAccounts/blobServices', parameters('storageAccounts_compliancetargetstorage_name'), 'default')]",
                "[resourceId('Microsoft.Storage/storageAccounts', parameters('storageAccounts_compliancetargetstorage_name'))]"
            ],
            "properties": {
                "immutableStorageWithVersioning": {
                    "enabled": false
                },
                "defaultEncryptionScope": "$account-encryption-key",
                "denyEncryptionScopeOverride": false,
                "publicAccess": "None"
            }
        },
        {
            "apiVersion": "2018-11-01",
            "name": "[parameters('sites_compliancecenterprmfunction_name')]",
            "type": "Microsoft.Web/sites",
            "kind": "functionapp,linux",
            "identity": {
                "type": "SystemAssigned"
            },
            "location": "[resourceGroup().location]",
            "tags": {},
            "dependsOn": [
                "[concat('microsoft.insights/components/',parameters('components_compliancecenterprmfunction_name'))]",
                "[concat('Microsoft.Storage/storageAccounts/', parameters('storageAccounts_premiumfunction_name'))]",
                "[resourceId('Microsoft.Web/serverfarms', variables('serverfarms_ASP_compliancecenterpremiumrg_b3a0_name'))]",
                "[resourceId('Microsoft.Network/virtualNetworks/subnets', parameters('virtualNetworks_compliancecenter_vnet_name'), 'function-app-delegate-subnet')]"
            ],
            "properties": {
                "name": "[parameters('sites_compliancecenterprmfunction_name')]",
                "siteConfig": {
                    "appSettings": [
                        {
                            "name": "FUNCTIONS_EXTENSION_VERSION",
                            "value": "~4"
                        },
                        {
                            "name": "FUNCTIONS_WORKER_RUNTIME",
                            "value": "python"
                        },
                        {
                            "name": "APPINSIGHTS_INSTRUMENTATIONKEY",
                            "value": "[reference(concat('microsoft.insights/components/',parameters('components_compliancecenterprmfunction_name')), '2015-05-01').InstrumentationKey]"
                        },
                        {
                            "name": "APPLICATIONINSIGHTS_CONNECTION_STRING",
                            "value": "[reference(concat('microsoft.insights/components/',parameters('components_compliancecenterprmfunction_name')), '2015-05-01').ConnectionString]"
                        },
                        {
                            "name": "AzureWebJobsStorage",
                            "value": "[concat('DefaultEndpointsProtocol=https;AccountName=',parameters('storageAccounts_premiumfunction_name'),';AccountKey=',listKeys(resourceId('Microsoft.Storage/storageAccounts', parameters('storageAccounts_premiumfunction_name')), '2019-06-01').keys[0].value,';EndpointSuffix=','core.windows.net')]"
                        },
                        {
                            "name": "WEBSITE_CONTENTAZUREFILECONNECTIONSTRING",
                            "value": "[concat('DefaultEndpointsProtocol=https;AccountName=',parameters('storageAccounts_premiumfunction_name'),';AccountKey=',listKeys(resourceId('Microsoft.Storage/storageAccounts', parameters('storageAccounts_premiumfunction_name')), '2019-06-01').keys[0].value,';EndpointSuffix=','core.windows.net')]"
                        },
                        {
                            "name": "WEBSITE_CONTENTSHARE",
                            "value": "[concat(toLower(parameters('sites_compliancecenterprmfunction_name')), 'a7fd')]"
                        }
                    ],
                    "cors": {
                        "allowedOrigins": [
                            "https://ms.portal.azure.com"
                        ]
                    },
                    "use32BitWorkerProcess": "false",
                    "linuxFxVersion": "PYTHON|3.9"
                },
                "serverFarmId": "[resourceId('Microsoft.Web/serverfarms', variables('serverfarms_ASP_compliancecenterpremiumrg_b3a0_name'))]",
                "clientAffinityEnabled": false,                
                "keyVaultReferenceIdentity": "SystemAssigned"
            }
        },        
        {
            "type": "Microsoft.Web/sites/virtualNetworkConnections",
            "apiVersion": "2021-02-01",
            "name": "[concat(parameters('sites_compliancecenterprmfunction_name'), '/375bea68-885a-47f1-a123-2a3471a0e470_function-app-delegate-subnet')]",
            "location": "North Europe",
            "dependsOn": [
                "[resourceId('Microsoft.Web/sites', parameters('sites_compliancecenterprmfunction_name'))]",
                "[resourceId('Microsoft.Network/virtualNetworks/subnets', parameters('virtualNetworks_compliancecenter_vnet_name'), 'function-app-delegate-subnet')]"
            ],
            "properties": {
                "vnetResourceId": "[resourceId('Microsoft.Network/virtualNetworks/subnets', parameters('virtualNetworks_compliancecenter_vnet_name'), 'function-app-delegate-subnet')]",
                "isSwift": true
            }
        }
        // {
        //     "type": "Microsoft.Authorization/roleAssignments",
        //     "apiVersion": "2020-08-01-preview",
        //     "scope": "[resourceId('Microsoft.Storage/storageAccounts/blobServices/containers',parameters('storageAccounts_compliancecenterdata_name'),'default',parameters('source_container'))]",            
        //     "name": "[guid(resourceGroup().name,parameters('sites_compliancecenterprmfunction_name'))]",
        //     "properties": {
        //         "roleDefinitionId": "[variables('roleIdStorageBlobDataContributor')]",
        //         "principalId": "[reference(resourceId('Microsoft.Web/sites', parameters('sites_compliancecenterprmfunction_name')),'2018-11-01', 'Full').identity.principalId]",                
        //         "principalType": "ServicePrincipal"
        //     },
        //     "dependsOn": [
        //         "[resourceId('Microsoft.Storage/storageAccounts', parameters('storageAccounts_compliancecenterdata_name'))]",
        //         "[resourceId('Microsoft.Storage/storageAccounts/blobServices/containers', parameters('storageAccounts_compliancecenterdata_name'), 'default', parameters('source_container'))]",
        //         "[resourceId('Microsoft.Web/sites', parameters('sites_compliancecenterprmfunction_name'))]"           
        //     ]
        // }
        //  {
        //     "type": "Microsoft.Storage/storageAccounts/blobServices/containers/providers/roleAssignments",
        //     "apiVersion": "2018-01-01-preview",
        //     "name": "[concat(parameters('storageAccounts_compliancecenterdata_name'), '/default/', parameters('source_container'), '/Microsoft.Authorization/', guid(resourceGroup().id, parameters('sites_compliancecenterprmfunction_name')))]",
        //     "dependsOn": [
        //         "[resourceId('Microsoft.Storage/storageAccounts', parameters('storageAccounts_compliancecenterdata_name'))]",
        //         "[resourceId('Microsoft.Storage/storageAccounts/blobServices/containers', parameters('storageAccounts_compliancecenterdata_name'), 'default', parameters('source_container'))]",
        //         "[resourceId('Microsoft.Web/sites', parameters('sites_compliancecenterprmfunction_name'))]"
        //     ],
        //     "properties": {
        //         "principalId": "[reference(resourceId('Microsoft.Web/sites', parameters('sites_compliancecenterprmfunction_name')), '2018-11-01', 'Full').identity.principalId]",
        //         "roleDefinitionId": "[variables('roleIdStorageBlobDataContributor')]"
        //     }
        // }
    ]
    
}