{
    "$schema": "https://schema.management.azure.com/schemas/2019-04-01/deploymentParameters.json#",
    "contentVersion": "1.0.0.0",
    "parameters": {                  
        "storageAccounts_source": {            
            "value": "compliancecenterdata2"
        },
        "sites_compliancecenterprmfunction_name": {            
            "value": "compliancecenterprmfunction2"
        },
        "storageAccounts_target": {            
            "value": "compliancetargetstorage2"
        }        
    }
}
